{
    "name" : "Chevening House Maze",

    "mazeHorizontal" : [[11, 1, 11, 0],
                        [1, 9, 3, 9, 1, 1],
                        [2, 9, 3, 7, 2, 1],
                        [3, 9, 2, 6, 3, 1],
                        [4, 5, 2, 8, 4, 1],
                        [5, 3, 4, 6, 5, 1],
                        [6, 2, 5, 4, 6, 1],
                        [7, 2, 4, 3, 7, 1],
                        [8, 2, 2, 3, 8, 1],
                        [9, 2, 1, 2, 9, 1],
                        [10, 1, 1, 1, 5, 2, 3, 1],
                        [2, 2, 10, 2, 1, 4, 2, 1],
                        [2, 4, 1, 2, 5, 2, 1, 2, 2, 1, 1, 1],
                        [10, 3, 10, 1],
                        [9, 5, 9, 1],
                        [8, 3, 1, 3, 8, 1],
                        [7, 3, 3, 3, 7, 1],
                        [6, 5, 1, 5, 6, 1],
                        [5, 6, 1, 6, 5, 1],
                        [4, 6, 3, 6, 4, 1],
                        [3, 8, 1, 8, 3, 1],
                        [2, 19, 2, 1],
                        [1, 21, 1, 1],
                        [23, 0]],

    "mazeVertical" : [[23, 0],
                      [1, 21, 1, 1],
                      [2, 9, 1, 9, 2, 1],
                      [3, 7, 3, 7, 3, 1],
                      [4, 7, 1, 7, 4, 1],
                      [5, 6, 2, 5, 5, 1],
                      [6, 11, 6, 1],
                      [7, 4, 1, 4, 7, 1],
                      [8, 4, 1, 2, 8, 1],
                      [4, 3, 2, 2, 1, 2, 9, 1],
                      [3, 5, 2, 3, 10, 1],
                      [2, 2, 6, 5, 2, 1, 2, 3, 0],
                      [3, 2, 5, 5, 2, 1, 2, 3, 0],
                      [1, 3, 6, 3, 10, 1],
                      [9, 2, 1, 2, 9, 1],
                      [8, 2, 3, 2, 8, 1],
                      [7, 4, 1, 4, 7, 1],
                      [6, 5, 1, 5, 6, 1],
                      [5, 5, 3, 5, 4, 1],
                      [4, 5, 3, 7, 4, 1],
                      [3, 7, 1, 9, 3, 1],
                      [2, 9, 1, 9, 2, 1],
                      [1, 11, 1, 9, 1, 1],
                      [23, 0]],

    "start node" : 11,

    "end node" : 241
}