{
    "name" : "Hampton Court Maze",

    "mazeHorizontal" : [[9, 1, 9, 0],
                        [1, 18, 1],
                        [2, 6, 2, 8, 1, 1],
                        [5, 3, 3, 2, 2, 2, 2, 1],
                        [1, 1, 4, 3, 1, 2, 7, 1],
                        [1, 18, 0],
                        [1, 1, 16, 1, 1],
                        [6, 6, 5, 1, 1, 1],
                        [3, 5, 2, 3, 1, 2, 3, 1],
                        [2, 3, 2, 4, 2, 4, 2, 1],
                        [1, 3, 2, 2, 1, 3, 2, 4, 1, 1],
                        [19, 0]],

    "mazeVertical" : [[11, 0],
                      [1, 3, 2, 4, 1, 1],
                      [2, 1, 1, 2, 1, 2, 2, 1],
                      [3, 5, 3, 1],
                      [2, 5, 4, 1],
                      [3, 5, 1, 2, 1],
                      [4, 3, 1, 2, 1, 1],
                      [11, 1],
                      [2, 1, 7, 1, 1],
                      [1, 3, 3, 2, 2, 1],
                      [2, 2, 7, 1],
                      [11, 1],
                      [4, 3, 1, 2, 1, 1],
                      [3, 5, 1, 2, 1],
                      [3, 5, 3, 1],
                      [2, 5, 4, 1],
                      [4, 4, 3, 1],
                      [3, 4, 1, 1, 2, 1],
                      [2, 3, 2, 3, 1, 1],
                      [11, 0]],

    "start node" : 9,
    
    "end node" : 85
}