{
    "name" : "Minotaur's Labyrinth",

    "mazeHorizontal" : [[11, 1, 10, 0],
                        [1, 9, 3, 8, 1, 1],
                        [2, 9, 3, 6, 2, 1],
                        [3, 7, 3, 6, 3, 1],
                        [4, 5, 3, 6, 4, 1],
                        [5, 5, 3, 4, 5, 1],
                        [6, 5, 3, 2, 6, 1],
                        [7, 3, 3, 2, 7, 1],
                        [8, 1, 3, 2, 8, 1],
                        [1, 2, 2, 2, 2, 1, 1, 2, 1, 2, 2, 2, 2, 1],
                        [8, 5, 8, 1, 0],
                        [1, 8, 5, 8, 1],
                        [2, 2, 2, 2, 7, 2, 2, 2, 1, 1],
                        [9, 4, 9, 1],
                        [8, 3, 2, 1, 8, 1],
                        [7, 3, 4, 1, 7, 1],
                        [6, 3, 4, 3, 6, 1],
                        [5, 5, 2, 5, 5, 1],
                        [4, 7, 2, 5, 4, 1],
                        [3, 7, 4, 5, 3, 1],
                        [2, 7, 4, 7, 2, 1],
                        [1, 9, 2, 9, 1, 1],
                        [22, 0]],

    "mazeVertical" : [[22, 0],
                      [1, 8, 2, 10, 1, 1],
                      [2, 6, 4, 8, 2, 1],
                      [3, 6, 4, 6, 3, 1],
                      [4, 6, 2, 6, 4, 1],
                      [5, 4, 2, 6, 5, 1],
                      [6, 2, 4, 4, 6, 1],
                      [7, 2, 4, 2, 7, 1],
                      [8, 2, 2, 2, 8, 1],
                      [9, 4, 9, 1],
                      [3, 2, 2, 2, 6, 2, 2, 2, 1, 1],
                      [9, 5, 8, 0],
                      [8, 5, 8, 1, 0],
                      [1, 2, 2, 2, 2, 4, 1, 2, 2, 2, 2, 1],
                      [8, 1, 2, 3, 8, 1],
                      [7, 1, 4, 3, 7, 1],
                      [6, 3, 4, 3, 6, 1],
                      [5, 5, 2, 5, 5, 1],
                      [4, 5, 2, 7, 4, 1],
                      [3, 5, 4, 7, 3, 1],
                      [2, 7, 4, 7, 2, 1],
                      [1, 9, 2, 9, 1, 1],
                      [22, 0]],

    "start node" : 11,
    
    "end node" : 208
}